"Porcentagem","AR.Rmse.04","AR.Rmse.06","AR.Rmse.0204","AR.Rmse.0405","ARMA.Rmse.0402"
5,0.469963677139733,0.546367724156517,0.563498805627921,0.727105114023011,0.584915605776052
10,0.585468762566586,0.740237595869086,0.761833503645066,0.947023680426347,0.72868700438043
20,0.76145533444164,0.984846441323908,0.975052737202487,1.2051350479862,0.920326783164364
40,1.01734593877528,1.36797213294962,1.23474542829282,1.58773829948137,1.24406854633611
