"Porcentagem","AR.Rmse.04","AR.Rmse.06","AR.Rmse.0204","AR.Rmse.0405","ARMA.Rmse.0402"
5,0.341428784727093,0.0923382106152554,0.269489588434929,0.262281225553737,0.124545417818625
10,0.390081414988295,0.226617938885756,0.391772767385333,0.382339876268448,0.525571158572038
20,0.495206016342429,0.512336235310057,0.491591756620088,0.592844236694603,0.685591308344694
40,0.942360561471109,0.851850034977025,0.723496406549358,1.07378886345196,0.840985222135134
