"Porcentagem","AR.Rmse.04","AR.Rmse.06","AR.Rmse.0204","AR.Rmse.0405","ARMA.Rmse.0402"
5,0.281143047060078,0.392219354850829,0.180150137760345,0.192304969107127,0.340904382067504
10,0.318951387534036,0.480130563974968,0.198164845206092,0.423909203139535,0.393232380515137
20,0.561531156429286,0.684093182759209,0.456217337987904,0.787690050336475,0.599467250538487
40,0.708993993415153,0.871056048095571,0.744135571965386,1.08839768256133,0.850768569517891
