"Porcentagem","AR.Rmse.04","AR.Rmse.06","AR.Rmse.0204","AR.Rmse.0405","ARMA.Rmse.0402"
5,0.314022602782041,0.419439083800078,0.443882233800952,0.360339988929775,0.339313723278323
10,0.479657001628817,0.770324874025379,0.562318288485005,0.437570710705391,0.569865558685945
20,0.63425597518209,1.06237784125027,0.765924501628828,0.808684934155036,0.728175554444937
40,1.07077562130208,1.3236720725621,1.17407752379189,1.32376434190822,1.30399133068456
