"Porcentagem","AR.Rmse.04","AR.Rmse.06","AR.Rmse.0204","AR.Rmse.0405","ARMA.Rmse.0402"
5,0.460403583032127,0.535126086906867,0.58989596080965,0.746803913007858,0.575829829380782
10,0.55810287110383,0.70947227773457,0.777656148206403,0.979707201722999,0.704850914964977
20,0.718340255789224,0.998736208788551,0.942936578539212,1.18862948746057,0.881215790346579
40,0.956094128510493,1.42495962943361,1.1549140391767,1.50772281271716,1.20536366391792
