"Porcentagem","AR.Rmse.04","AR.Rmse.06","AR.Rmse.0204","AR.Rmse.0405","ARMA.Rmse.0402"
5,0.290775784550521,0.303211071458617,0.43620336743884,0.442058677562758,0.243493069911199
10,0.377378644195118,0.549505034918849,0.574139827207364,0.40641263856909,0.572946271792451
20,0.543192225775788,0.790343016887223,0.763114290364153,0.660994710798864,0.702005729880972
40,1.11915622173461,1.1651119293808,1.45451108945727,1.36492690537748,1.48052751820385
