"","Porcentagem","AR.Rmse.04","AR.Rmse.06","AR.Rmse.0204","AR.Rmse.0405","ARMA.Rmse.0402"
"1",5,0.389231540624833,0.314799961944867,0.214487981974605,0.118255705533136,0.256496347649373
"2",10,0.446817730402466,0.344486939764349,0.368417445794703,0.403368440445338,0.381340656068571
"3",20,0.585122021641115,0.494335460476726,0.564730693281201,0.656342518474333,0.492435045064939
"4",40,0.691819440355215,0.761230071784402,0.714099658490589,0.983026005598046,0.843813622791828
