"Porcentagem","AR.Rmse.04","AR.Rmse.06","AR.Rmse.0204","AR.Rmse.0405","ARMA.Rmse.0402"
5,0.376373349638384,0.250409525163383,0.390308298902019,0.387454479606075,0.390566700607361
10,0.41015549583096,0.379747980546763,0.553047822791589,0.520188666160264,0.606526616521135
20,0.684484291268061,0.86400707474037,0.830017407140168,0.88667157867816,0.843117622215623
40,0.923764890059301,1.11031111128734,1.17637073273636,1.39394641047884,1.15907711403197
