"Porcentagem","AR.Rmse.04","AR.Rmse.06","AR.Rmse.0204","AR.Rmse.0405","ARMA.Rmse.0402"
5,0.338710519932865,0.21306907068273,0.287681754984527,0.188154495883132,0.118540259857931
10,0.36659674144117,0.313591535119808,0.26491259268158,0.371442329606388,0.411072359500276
20,0.634267300403525,0.656224836067482,0.502486163287382,0.598566160979786,0.714272176319015
40,0.749721687608872,0.952614573478882,1.08987189563968,1.51655986855185,0.853880040598617
