"Porcentagem","AR.Rmse.04","AR.Rmse.06","AR.Rmse.0204","AR.Rmse.0405","ARMA.Rmse.0402"
5,0.282284982069767,0.216849343110788,0.306472349733918,0.306672669947764,0.245937764350769
10,0.37505381899643,0.364959402678329,0.42384267649671,0.461376687895793,0.370600323242658
20,0.603165917940051,0.572159254570911,0.613893540152953,1.27142647925394,0.62408292191771
40,1.09578759128686,1.05966836621366,1.05189933855019,1.77650718765499,1.4970422794397
