"Porcentagem","AR.Rmse.04","AR.Rmse.06","AR.Rmse.0204","AR.Rmse.0405","ARMA.Rmse.0402"
5,0.435652377812981,0.355044670170849,0.400001623878278,0.401262603196138,0.402551229368625
10,0.636916939955062,0.498436552357854,0.529782787364769,0.585266107676805,0.564803810591012
20,0.79965055277288,0.747745811444487,0.742015340556642,1.11471834780218,0.814515488198342
40,1.17255130869989,1.10871923657989,1.03849388092816,1.67715356660332,1.15734354997492
