"Porcentagem","AR.Rmse.04","AR.Rmse.06","AR.Rmse.0204","AR.Rmse.0405","ARMA.Rmse.0402"
5,0.287432572589087,0.290696196676767,0.216085860771386,0.376596091921194,0.226404863379056
10,0.423603718367974,0.429954631011356,0.335864988505442,0.46026975714424,0.41124782547607
20,0.600602199529353,0.604824008311293,0.475147462015578,0.705699616183445,0.616039189553381
40,0.923915858643316,0.92846767255891,0.772709395706808,1.15565457998243,1.03603552480437
