"Porcentagem","AR.Rmse.04","AR.Rmse.06","AR.Rmse.0204","AR.Rmse.0405","ARMA.Rmse.0402"
5,0.383313955510187,0.337920973373016,0.371781727475472,0.441390340626642,0.336809875416875
10,0.577166717253181,0.449452286673418,0.519570240397333,0.776899251646375,0.472842264583565
20,0.823941783265035,0.669255448743215,0.69532390810907,1.43150546177363,0.76762673065164
40,1.22071258412765,1.12643762733659,1.08116597999425,2.34955151862935,1.18846641982567
