"","Porcentagem","AR.Rmse.04.med","AR.Rmse.06.med","AR.Rmse.0204.med","AR.Rmse.0405.med","ARMA.Rmse.0402.med"
"1",5,0.2351958211535,0.251499127178517,0.255137922233697,0.403068629902015,0.342831817005831
"2",10,0.345063569698728,0.368817765969227,0.378496448239291,0.570863931825681,0.427953366395899
"3",20,0.493347530518487,0.49789184683088,0.53918173749134,0.800641896200444,0.566601599657979
"4",40,0.6971284865057,0.756304150969816,0.717151091775502,1.28346272767125,0.753456794230378
