"Porcentagem","AR.Rmse.04","AR.Rmse.06","AR.Rmse.0204","AR.Rmse.0405","ARMA.Rmse.0402"
5,0.235732522606649,0.25185405709929,0.257021476967494,0.402178073791047,0.342885113178429
10,0.344964197211561,0.366518478756737,0.379743597425843,0.575283682792222,0.427977457638413
20,0.493454078454694,0.496062241252743,0.538760488466166,0.806781470480102,0.566730929733526
40,0.698155713977921,0.756114831244397,0.717794613027496,1.29121868830042,0.753712092857698
