"Porcentagem","AR.Rmse.04","AR.Rmse.06","AR.Rmse.0204","AR.Rmse.0405","ARMA.Rmse.0402"
5,0.540379962233161,0.600376278994174,0.500621089345685,0.977728078930224,0.603100683388438
10,0.66371036655488,0.752256230102822,0.651110834725888,1.25335682913126,0.767638004763698
20,0.832995792971231,0.971648643831247,0.831995173302745,1.56445712621098,0.963904052172836
40,1.08109078774003,1.28697491666749,1.1213609614437,1.93541814286312,1.25357453467764
