"Porcentagem","AR.Rmse.04","AR.Rmse.06","AR.Rmse.0204","AR.Rmse.0405","ARMA.Rmse.0402"
5,0.550388684343375,0.617931245869919,0.525733869792581,0.968762473125867,0.609912100571693
10,0.690473879680987,0.788984752276029,0.683881233699836,1.25594604931234,0.786603087069628
20,0.876262658863119,1.01985002746616,0.893573496980006,1.60190462141977,1.00420916639593
40,1.16561795558306,1.37642509461752,1.2170042272749,2.03310249972645,1.31435590355955
