"Porcentagem","AR.Rmse.04","AR.Rmse.06","AR.Rmse.0204","AR.Rmse.0405","ARMA.Rmse.0402"
5,0.473298401953725,0.430792660047915,0.347894835668636,0.394903828870335,0.430050564042121
10,0.600623085536358,0.560958237602092,0.479314116616343,0.584578509997802,0.5643438286544
20,0.847623496696463,0.757355363158003,0.694707056977906,1.08319899490489,0.834676533516459
40,1.11225766945814,1.17888575030254,0.969201289791809,1.51632411169059,1.19312204241752
