"Porcentagem","AR.Rmse.04","AR.Rmse.06","AR.Rmse.0204","AR.Rmse.0405","ARMA.Rmse.0402"
5,0.276107664950269,0.204990234933518,0.255966113942565,0.266401581618577,0.283609309783282
10,0.388844227519876,0.333013931376525,0.385537358039268,0.387274702283278,0.435619075450942
20,0.58670923781796,0.540030365184904,0.535932018206438,0.651330740301882,0.613899659859961
40,0.912808788081807,0.843203415294389,0.785631609437215,1.01160136633936,0.983872946797665
